301;Alabama
302;Alaska
303;Arizona
304;Arkansas
305;California
306;Colorado
307;Connecticut
308;Delaware
309;District of Columbia
310;Florida
311;Georgia
312;Hawaii
313;Idaho
314;Illinois
315;Indiana
316;Iowa
317;Kansas
318;Kentucky
319;Louisiana
320;Maine
321;Maryland
322;Massachusetts
323;Michigan
324;Minnesota
325;Mississippi
326;Missouri
327;Montana
328;Nebraska
329;Nevada
330;New Hampshire
331;New Jersey
332;New Mexico
333;New York
334;North Carolina
335;North Dakota
336;Ohio
337;Oklahoma
338;Oregon
339;Pennsylvania
340;Rhode Island
341;South Carolina
342;South Dakota
343;Tennessee
344;Texas
345;Utah
346;Vermont
347;Virginia
348;Washington
349;West Virginia
350;Wisconsin
351;Wyoming
352;Puerto Rico
